{
  "GALA5S": {
    "levels": [0.00039921, 0.00039422, 0.00038737, 0.00038000],
    "amounts": [1, 1, 2, 2]
  },
  "GALA5L": {
    "levels": [0.00001999, 0.00001995, 0.00001989, 0.00001980],
    "amounts": [1, 1, 2, 2]
  },
  "take_profit_percent": 1
}
